ID,Name,Address
DK7146318035,Løsninger ApS,"Algade 59, 4000 Roskilde"
DK9786748825,Bronze Next Byggeri A/S,"Lindevej 76, 4200 Slagelse"
DK5710360983,Dansk Safe Spedition,"Jernbanegade 12, 4700 Næstved"
DK2948728483,Dansk Rapid Teknologi K/S,"Kløvervej 82, 7400 Herning"
DK9285415473,Spedition K/S,"Torvet 13, 5000 Odense C"
DK3479708607,Gul Industri,"Åvej 55, 4300 Holbæk"
DK4460967357,Hvid Engros Gruppe,"Strandvejen 5, 8200 Aarhus N"
DK7483366056,Fødevare Koncern,"Åvej 23, 8800 Viborg"
DK1667779376,Nord Ultra Handel,"Søndergade 71, 3660 Stenløse"
DK1470939445,Fynsk A1 Møbel,"Parkvej 144, 1500 København V"
DK1958682846,Løsninger I/S,"Tjørnevej 143, 6400 Sønderborg"
DK8168204967,Tekstil Group,"Lærkevej 84, 4100 Ringsted"
DK1983297492,Kongelig Detail Group,"Kastanjevej 126, 4400 Kalundborg"
DK3694860228,Skandinavisk Møbel P/S,"Syrenvej 1, 4800 Nykøbing F"
DK2149938334,Sjællandsk Expert Handel K/S,"Ringvejen 9, 7100 Vejle"
DK1519709079,Bronze Ingeniør,"Vibevej 64, 8800 Viborg"
DK6756332150,Nord Discount Systemer,"Søndergade 34, 9000 Aalborg"
DK7517938612,Guld Lager,"Havnevej 94, 2750 Ballerup"
DK4163119785,Europæisk Forarbejdning,"Slotsgade 28, 7500 Holstebro"
DK9639245200,Gul Lager,"Fasanvej 101, 8200 Aarhus N"
DK7805745017,Butik I/S,"Storegade 46, 2800 Lyngby"
DK1817804383,Fynsk Rådgivning ApS,"Industrivej 101, 4700 Næstved"
DK2566942273,Lager P/S,"Kastanjevej 115, 8900 Randers"
DK3783290795,Skandinavisk Great Drikke,"Industrivej 69, 6000 Kolding"
DK8047877267,Blå Handel,"Poppelvej 70, 3400 Hillerød"
DK9697354961,Europæisk Elite Engros,"Industrivej 23, 3500 Værløse"
DK7567496105,Gul Link Tekstil IVS,"Lupinvej 59, 4600 Køge"
DK6633778586,Industri K/S,"Fasanvej 8, 2650 Hvidovre"
DK4095476665,Sølv Great Butik,"Brogade 11, 4800 Nykøbing F"
DK8293453178,Kvalitets Help Møbel K/S,"Dalvej 36, 3460 Birkerød"
DK8235363119,Kvalitets System Lager,"Stationsvej 34, 4600 Køge"
DK3303082117,Gul Clean Ingeniør,"Algade 118, 4400 Kalundborg"
DK5693307665,Hvid Mega Detail K/S,"Fasanvej 18, 2200 København N"
DK4332894265,Dansk International Løsninger,"Bellisvej 3, 7500 Holstebro"
DK2867302554,Bronze Hyper Detail,"Nørregade 20, 6100 Haderslev"
DK3710566582,Syd Dynamic Industri Holding,"Lindevej 64, 4300 Holbæk"
DK8110054933,Tekstil Gruppe,"Syrenvej 116, 2200 København N"
DK9703905715,Gul Løsninger A/S,"Bellisvej 88, 9000 Aalborg"
DK3030106617,Fragt Holding,"Bellisvej 84, 9800 Hjørring"
DK5284391408,Guld Global Engros K/S,"Strandvejen 11, 4200 Slagelse"
DK7825844140,Øst Allied Ingeniør P/S,"Fyrrevej 99, 5700 Svendborg"
DK9963334018,Nord Lager I/S,"Hovedgaden 140, 9900 Frederikshavn"
DK4888749350,Dansk Energetic Rådgivning,"Syrenvej 7, 7500 Holstebro"
DK1083651970,Rød Direct Teknologi,"Nørregade 57, 3400 Hillerød"
DK9592390865,Blå Lager Gruppe,"Solsikkevej 56, 4600 Køge"
DK8086172302,Drikke I/S,"Skovvej 106, 2630 Taastrup"
DK8987073217,Fødevare A/S,"Bellisvej 16, 7400 Herning"
DK6241752544,Blå Systemer,"Parkvej 34, 6700 Esbjerg"
DK2970753705,Sort Lager Holding,"Syrenvej 81, 2800 Lyngby"
DK9894847574,Europæisk Smart Butik,"Fyrrevej 45, 2100 København Ø"
DK2320763135,Drikke K/S,"Fasanvej 51, 2750 Ballerup"
DK5067116918,Europæisk Combined Fødevare,"Skovvej 77, 8000 Aarhus C"
DK5567816720,Ingeniør P/S,"Lærkevej 42, 7800 Skive"
DK8934927891,Kongelig Fødevare,"Dalvej 81, 7100 Vejle"
DK3361388464,Kongelig Forarbejdning,"Hasselvej 115, 2650 Hvidovre"
DK4131575764,Skandinavisk Byggeri,"Østergade 93, 2750 Ballerup"
DK9957813353,Hvid Butik Gruppe,"Nørremarksvej 101, 3400 Hillerød"
DK4919706735,Butik K/S,"Skovvej 110, 2200 København N"
DK8429141456,Løsninger K/S,"Dronningensgade 70, 2650 Hvidovre"
DK3746317213,Fynsk Star Løsninger Koncern,"Poppelvej 75, 6400 Sønderborg"
DK6924716023,Handel ApS,"Algade 88, 4000 Roskilde"
DK7887950851,Øst Safe Detail,"Brogade 107, 4600 Køge"
DK2137651678,Kongelig Detail Koncern,"Møllevej 115, 9800 Hjørring"
DK1422701550,Kongelig Joint Systemer,"Nørregade 140, 2800 Lyngby"
DK1965067727,Bronze Forarbejdning Group,"Syrenvej 98, 4000 Roskilde"
DK3615507143,Kongelig Trade Teknologi,"Platanvej 33, 3660 Stenløse"
DK6884882440,Blå Help Fødevare Koncern,"Egevej 60, 4000 Roskilde"
DK8763140509,Kongelig Fragt,"Lavgade 42, 9800 Hjørring"
DK2181241943,Dansk Fragt,"Kirkevej 10, 4000 Roskilde"
DK6317189421,Byggeri IVS,"Elmevej 142, 3460 Birkerød"
DK8664882079,Gul Super Fødevare,"Ringvejen 94, 2200 København N"
DK2452066459,Sjællandsk First Forarbejdning,"Mosevej 74, 8600 Silkeborg"
DK1939042955,Bronze Hyper Industri,"Adelgade 53, 6000 Kolding"
DK8995970241,Europæisk Power Handel,"Platanvej 48, 1500 København V"
DK2625792787,Guld Natural Systemer I/S,"Solsikkevej 55, 4000 Roskilde"
DK5728765136,Syd Trade Drikke,"Brogade 127, 7800 Skive"
DK3392080953,Øst Discount Rådgivning P/S,"Kastanjevej 48, 4400 Kalundborg"
DK4466589567,Jysk Handel,"Lupinvej 140, 8800 Viborg"
DK9894264595,Fragt K/S,"Torvet 126, 5000 Odense C"
DK1127978094,Vest Detail ApS,"Søndergade 1, 3500 Værløse"
DK2445662585,Sort Teknologi IVS,"Jernbanegade 101, 2820 Gentofte"
DK9573276057,Bronze Teknologi,"Storegade 12, 9000 Aalborg"
DK4289233844,Teknologi K/S,"Elmevej 59, 2800 Lyngby"
DK2351531223,Jysk Secure Møbel,"Tjørnevej 59, 4400 Kalundborg"
DK1945826486,Jysk Good Produktion Gruppe,"Bredgade 107, 4600 Køge"
DK7114223633,Dansk Fødevare Group,"Adelgade 122, 4700 Næstved"
DK5996775663,Europæisk Joint Detail,"Lærkevej 72, 2650 Hvidovre"
DK4274958945,Nord Løsninger Koncern,"Lærkevej 136, 9900 Frederikshavn"
DK2812140441,Kongelig Fast Løsninger,"Stationsvej 64, 4400 Kalundborg"
DK1248786714,Blå Spedition,"Kongensgade 89, 3600 Frederikssund"
DK4026113008,Syd Lager,"Tjørnevej 145, 4600 Køge"
DK6488854841,Sort Super Systemer,"Kastanjevej 70, 2750 Ballerup"
DK7665963761,Tekstil Holding,"Vibevej 4, 4600 Køge"
DK5951406973,Dansk Hyper Systemer Koncern,"Kirkevej 104, 8200 Aarhus N"
DK7010379415,Øst Handel,"Tulipanvej 90, 2670 Greve"
DK6649827836,Vest Detail Holding,"Slotsgade 96, 2650 Hvidovre"
DK5774080233,Europæisk Modern Rådgivning Gruppe,"Jernbanegade 85, 3000 Helsingør"
DK7635473142,Jysk Discount Tekstil Group,"Havnevej 89, 6400 Sønderborg"
DK4131356954,Dansk Tekstil,"Havnevej 143, 2650 Hvidovre"
DK6687206971,Kvalitets Associated Drikke,"Skolevej 80, 3500 Værløse"
